{"completed": 20700, "errors": 175, "elapsed": 13408.799328, "timestamp": "2025-11-25T20:12:41.740513"}